Language,Season Number,Name,Profession,Gender,Entry Date,Elimination Date,Elimination Week Number,Wild Card,Season Length,Number of Housemates,Season Start Date,Season End Date,Host Name,Prize Money (INR),Broadcasted By,Number of Evictions Faced,Winner
Hindi,1,Amit Sadh,Soap Actor,Male,03-Nov-06,,,No,86,15,03-Nov-06,26-Jan-07,Arshad Warsi,0 ,Sony TV,,0
Hindi,1,Anupama Verma,Model,,03-Nov-06,,,No,86,15,03-Nov-06,26-Jan-07,Arshad Warsi,0 ,Sony TV,,0
Hindi,1,Aryan Vaid,Pageant Winner,,03-Nov-06,,,No,86,15,03-Nov-06,26-Jan-07,Arshad Warsi,0 ,Sony TV,,0
Hindi,1,Baba Sehgal,Singer,,03-Nov-06,,,No,86,15,03-Nov-06,26-Jan-07,Arshad Warsi,0 ,Sony TV,,0
Hindi,1,Bobby Darling,LGBT,,03-Nov-06,,,No,86,15,03-Nov-06,26-Jan-07,Arshad Warsi,0 ,Sony TV,,0
Hindi,1,Carol Gracias,Model,,03-Nov-06,26-Jan-07,,No,86,15,03-Nov-06,26-Jan-07,Arshad Warsi,0 ,Sony TV,,0
Hindi,1,Deepak Tijori,,,03-Nov-06,,,No,86,15,03-Nov-06,26-Jan-07,Arshad Warsi,0 ,Sony TV,,0
Hindi,1,Kashmira Shah,,,03-Nov-06,,,No,86,15,03-Nov-06,26-Jan-07,Arshad Warsi,0 ,Sony TV,,0
Hindi,1,Ragini Shetty,Commoner,,03-Nov-06,,,No,86,15,03-Nov-06,26-Jan-07,Arshad Warsi,0 ,Sony TV,,0
Hindi,1,Rahul Roy,Actor,Male,03-Nov-06,NA,NA,No,86,15,03-Nov-06,26-Jan-07,Arshad Warsi,"1,00,00,000",Sony TV,,1
Hindi,1,Rakhi Sawant,Actress,Female,03-Nov-06,,,No,86,15,03-Nov-06,26-Jan-07,Arshad Warsi,0 ,Sony TV,,0
Hindi,1,Ravi Kishan,Actor,Male,03-Nov-06,26-Jan-07,,No,86,15,03-Nov-06,26-Jan-07,Arshad Warsi,0 ,Sony TV,,0
Hindi,1,Roopali Ganguly,Soap Actress,Female,03-Nov-06,,,No,86,15,03-Nov-06,26-Jan-07,Arshad Warsi,0 ,Sony TV,,0
Hindi,1,Salil Ankola,Sportsperson,,03-Nov-06,,,No,86,15,03-Nov-06,26-Jan-07,Arshad Warsi,0 ,Sony TV,,0
Hindi,2,Ahsaan Qureshi  ,Comedian,,17-Aug-08,,9,No,98,15,17-Aug-08,22-Nov-08,Shilpa Shetty,0 ,Colors,,0
Hindi,2,Alina Wadiwala  ,Model,,17-Aug-08,,5,No,98,15,17-Aug-08,22-Nov-08,Shilpa Shetty,0 ,Colors,,0
Hindi,2,Ashutosh Kaushik,Reality Show Alumni,,17-Aug-08,NA,NA,No,98,15,17-Aug-08,22-Nov-08,Shilpa Shetty,"1,00,00,000",Colors,,1
Hindi,2,Debojit Saha    ,Singer,,17-Aug-08,,10,No,98,15,17-Aug-08,22-Nov-08,Shilpa Shetty,0 ,Colors,,0
Hindi,2,Diana Hayden    ,Pageant Winner,,17-Aug-08,,12,No,98,15,17-Aug-08,22-Nov-08,Shilpa Shetty,0 ,Colors,,0
Hindi,2,Jade Goody      ,International Star,,17-Aug-08,NA,NA,No,98,15,17-Aug-08,22-Nov-08,Shilpa Shetty,0 ,Colors,,0
Hindi,2,Ketaki Dave     ,Soap Actress,Female,17-Aug-08,,4,No,98,15,17-Aug-08,22-Nov-08,Shilpa Shetty,0 ,Colors,,0
Hindi,2,Monica Bedi     ,Controversial Fame,,17-Aug-08,,13,No,98,15,17-Aug-08,22-Nov-08,Shilpa Shetty,0 ,Colors,,0
Hindi,2,Payal Rohatgi   ,Actress,Female,17-Aug-08,,8,No,98,15,17-Aug-08,22-Nov-08,Shilpa Shetty,0 ,Colors,,0
Hindi,2,Rahul Mahajan   ,Controversial Fame,,17-Aug-08,NA,NA,No,98,15,17-Aug-08,22-Nov-08,Shilpa Shetty,0 ,Colors,,0
Hindi,2,Raja Chaudhary  ,Actor,Male,17-Aug-08,22-Nov-08,14,No,98,15,17-Aug-08,22-Nov-08,Shilpa Shetty,0 ,Colors,,0
Hindi,2,Rakhi Tandon    ,Soap Actress,Female,17-Aug-08,,2,No,98,15,17-Aug-08,22-Nov-08,Shilpa Shetty,0 ,Colors,,0
Hindi,2,Sambhavna Seth  ,Actress,Female,17-Aug-08,,7,No,98,15,17-Aug-08,22-Nov-08,Shilpa Shetty,0 ,Colors,,0
Hindi,2,Sanjay Nirupam  ,Politically Acclaimed,,17-Aug-08,,1,No,98,15,17-Aug-08,22-Nov-08,Shilpa Shetty,0 ,Colors,,0
Hindi,2,Zulfi Syed      ,Model,,17-Aug-08,22-Nov-08,14,No,98,15,17-Aug-08,22-Nov-08,Shilpa Shetty,0 ,Colors,,0
Hindi,3,Aditi Gowitrikar,Actress,Female,04-Oct-09,,,No,84,15,04-Oct-09,26-Dec-09,Amitabh Bachchan,0 ,Colors,,0
Hindi,3,Bakhtiyaar Irani,Soap Actor,Male,04-Oct-09,,,No,84,15,04-Oct-09,26-Dec-09,Amitabh Bachchan,0 ,Colors,,0
Hindi,3,Claudia Ciesla,Model,,04-Oct-09,,,No,84,15,04-Oct-09,26-Dec-09,Amitabh Bachchan,0 ,Colors,,0
Hindi,3,Ismail Darbar,Singer,,04-Oct-09,,,No,84,15,04-Oct-09,26-Dec-09,Amitabh Bachchan,0 ,Colors,,0
Hindi,3,Jaya Sawant,Commoner,,04-Oct-09,,,No,84,15,04-Oct-09,26-Dec-09,Amitabh Bachchan,0 ,Colors,,0
Hindi,3,Kamal Rashid Khan,Film director,,04-Oct-09,,,No,84,15,04-Oct-09,26-Dec-09,Amitabh Bachchan,0 ,Colors,,0
Hindi,3,Poonam Dhillon,Actress,Female,04-Oct-09,,,No,84,15,04-Oct-09,26-Dec-09,Amitabh Bachchan,0 ,Colors,,0
Hindi,3,Raju Srivastav,Comedian,,04-Oct-09,,,No,84,15,04-Oct-09,26-Dec-09,Amitabh Bachchan,0 ,Colors,,0
Hindi,3,Rohit Verma,Fashion Designer,,04-Oct-09,,,No,84,15,04-Oct-09,26-Dec-09,Amitabh Bachchan,0 ,Colors,,0
Hindi,3,Shamita Shetty,Actress,Female,04-Oct-09,,,No,84,15,04-Oct-09,26-Dec-09,Amitabh Bachchan,0 ,Colors,,0
Hindi,3,Sherlyn Chopra,Actress,Female,04-Oct-09,,,No,84,15,04-Oct-09,26-Dec-09,Amitabh Bachchan,0 ,Colors,,0
Hindi,3,Tanaaz Irani,Actress,Female,04-Oct-09,,,No,84,15,04-Oct-09,26-Dec-09,Amitabh Bachchan,0 ,Colors,,0
Hindi,3,Vindu Dara Singh,Actor,Male,04-Oct-09,NA,NA,No,84,15,04-Oct-09,26-Dec-09,Amitabh Bachchan,"1,00,00,000",Colors,,1
Hindi,3,Vinod Kambli,Sportsperson,,,,,Yes,84,15,04-Oct-09,26-Dec-09,Amitabh Bachchan,0,Colors,,0
Hindi,3,Pravesh Rana,Model,,,,,Yes,84,15,04-Oct-09,26-Dec-09,Amitabh Bachchan,0,Colors,,0
Hindi,4,Aanchal Kumar,Model,,03-Oct-10,,10,No,96,16,03-Oct-10,08-Jan-11,Salman Khan,0 ,Colors,,0 
Hindi,4,Abbas Kazmi,Lawyer,,03-Oct-10,,1,No,96,16,03-Oct-10,08-Jan-11,Salman Khan,0 ,Colors,,0 
Hindi,4,Ashmit Patel,Actor,Male,03-Oct-10,08-Jan-11,14,No,96,16,03-Oct-10,08-Jan-11,Salman Khan,0 ,Colors,,0 
Hindi,4,Ali Saleem (Begum),TV Anchor,,03-Oct-10,,3,No,96,16,03-Oct-10,08-Jan-11,Salman Khan,0 ,Colors,,0 
Hindi,4,Devinder,,,03-Oct-10,,,No,96,16,03-Oct-10,08-Jan-11,Salman Khan,0 ,Colors,,0 
Hindi,4,Hrishant Goswami,Model,,03-Oct-10,,8,No,96,16,03-Oct-10,08-Jan-11,Salman Khan,0 ,Colors,,0 
Hindi,4,Manoj Tiwari,Actor,Male,03-Oct-10,,9,No,96,16,03-Oct-10,08-Jan-11,Salman Khan,0 ,Colors,,0 
Hindi,4,Rahul Bhatt,Actor,Male,03-Oct-10,,5,No,96,16,03-Oct-10,08-Jan-11,Salman Khan,0 ,Colors,,0 
Hindi,4,Sakshi Pradhan,Reality Show Alumni,,03-Oct-10,,2,No,96,16,03-Oct-10,08-Jan-11,Salman Khan,0 ,Colors,,0 
Hindi,4,Samir Soni,Actor,Male,03-Oct-10,,13,No,96,16,03-Oct-10,08-Jan-11,Salman Khan,0 ,Colors,,0 
Hindi,4,Sara Khan,Soap Actress,Female,03-Oct-10,,4,No,96,16,03-Oct-10,08-Jan-11,Salman Khan,0 ,Colors,,0 
Hindi,4,Seema Parihar,Politician,,03-Oct-10,,11,No,96,16,03-Oct-10,08-Jan-11,Salman Khan,0 ,Colors,,0 
Hindi,4,Shweta Tiwari,Soap Actress,Female,03-Oct-10,NA,NA,No,96,16,03-Oct-10,08-Jan-11,Salman Khan,"1,00,00,000",Colors,,1
Hindi,4,Veena Malik,Actress,Female,03-Oct-10,,12,No,96,16,03-Oct-10,08-Jan-11,Salman Khan,0 ,Colors,,0 
Hindi,4,The Great Khali,Wrestler,,,08-Jan-11,14,Yes,96,16,03-Oct-10,08-Jan-11,Salman Khan,0 ,Colors,,0 
Hindi,4,Dolly Bindra,,,,08-Jan-11,14,Yes,96,16,03-Oct-10,08-Jan-11,Salman Khan,0 ,Colors,,0 
Hindi,5,Gulabo Sapera,Choreographer,,02-Oct-11,,2,No,98,18,02-Oct-11,07-Jan-12,Sanjay Dutt,0 ,Colors,,0 
Hindi,5,Juhi Parmar,Soap Actress,Female,02-Oct-11,NA,NA,No,98,18,02-Oct-11,07-Jan-12,Sanjay Dutt,"1,00,00,000",Colors,,1
Hindi,5,Laxmi Narayan Tripathi,LGBT rights activist,,02-Oct-11,,6,No,98,18,02-Oct-11,07-Jan-12,Sanjay Dutt,0 ,Colors,,0 
Hindi,5,Mahek Chahal,Actress,Female,02-Oct-11,07-Jan-12,14,No,98,18,02-Oct-11,07-Jan-12,Sanjay Dutt,0 ,Colors,,0 
Hindi,5,Mandeep Bevli,TV Anchor,,02-Oct-11,,5,No,98,18,02-Oct-11,07-Jan-12,Sanjay Dutt,0 ,Colors,,0 
Hindi,5,Nihita Biswas,Controversial Fame,,02-Oct-11,,1,No,98,18,02-Oct-11,07-Jan-12,Sanjay Dutt,0 ,Colors,,0 
Hindi,5,Pooja Bedi,TV Anchor,,02-Oct-11,,8,No,98,18,02-Oct-11,07-Jan-12,Sanjay Dutt,0 ,Colors,,0 
Hindi,5,Pooja Misrra,Reality Show Alumni,,02-Oct-11,NA,NA,No,98,18,02-Oct-11,07-Jan-12,Sanjay Dutt,0 ,Colors,,0 
Hindi,5,Raageshwari,Singer,,02-Oct-11,,3,No,98,18,02-Oct-11,07-Jan-12,Sanjay Dutt,0 ,Colors,,0 
Hindi,5,Shakti Kapoor,Actor,Male,02-Oct-11,,4,No,98,18,02-Oct-11,07-Jan-12,Sanjay Dutt,0 ,Colors,,0 
Hindi,5,Shonali Nagrani,Actress,Female,02-Oct-11,,11,No,98,18,02-Oct-11,07-Jan-12,Sanjay Dutt,0 ,Colors,,0 
Hindi,5,Shraddha Sharma,Soap Actress,Female,02-Oct-11,,9,No,98,18,02-Oct-11,07-Jan-12,Sanjay Dutt,0 ,Colors,,0 
Hindi,5,Sonika Kaliraman,Wrestler,,02-Oct-11,NA,NA,No,98,18,02-Oct-11,07-Jan-12,Sanjay Dutt,0 ,Colors,,0 
Hindi,5,Vida Samadzai,Pageant Winner,,02-Oct-11,,7,No,98,18,02-Oct-11,07-Jan-12,Sanjay Dutt,0 ,Colors,,0 
Hindi,5,Amar Upadhyay,Actor,Male,,07-Jan-12,14,Yes,98,18,02-Oct-11,07-Jan-12,Sanjay Dutt,0 ,Colors,,0 
Hindi,5,Siddharth Bhardwaj,Reality Show Alumni,,,07-Jan-12,14,Yes,98,18,02-Oct-11,07-Jan-12,Sanjay Dutt,0 ,Colors,,0 
Hindi,5,Akashdeep Saigal,Actor,Male,,07-Jan-12,14,Yes,98,18,02-Oct-11,07-Jan-12,Sanjay Dutt,0 ,Colors,,0 
Hindi,5,Sunny Leone,Actress,Female,,,13,Yes,98,18,02-Oct-11,07-Jan-12,Sanjay Dutt,0 ,Colors,,0 
Hindi,6,Aashka Goradia,Actress,Female,07-Oct-12,,12,No,97,19,07-Oct-12,12-Jan-13,Salman Khan,0 ,Colors,,0 
Hindi,6,Aseem Trivedi,Cartoonist,,07-Oct-12,,4,No,97,19,07-Oct-12,12-Jan-13,Salman Khan,0 ,Colors,,0 
Hindi,6,Delnaaz Irani,Actress,Female,07-Oct-12,09-Jan-13,14,No,97,19,07-Oct-12,12-Jan-13,Salman Khan,0 ,Colors,,0 
Hindi,6,Dinesh Lal Yadav,Actor,Male,07-Oct-12,,10,No,97,19,07-Oct-12,12-Jan-13,Salman Khan,0 ,Colors,,0 
Hindi,6,Karishma Kotak,Model,,07-Oct-12,,12,No,97,19,07-Oct-12,12-Jan-13,Salman Khan,0 ,Colors,,0 
Hindi,6,Kashif Qureshi,Commoner,,07-Oct-12,,2,No,97,19,07-Oct-12,12-Jan-13,Salman Khan,0 ,Colors,,0 
Hindi,6,Navjot Singh Sidhu,Sportsperson,,07-Oct-12,NA,NA,No,97,19,07-Oct-12,12-Jan-13,Salman Khan,0 ,Colors,,0 
Hindi,6,Niketan Madhok,Model,,07-Oct-12,12-Jan-13,14,No,97,19,07-Oct-12,12-Jan-13,Salman Khan,0 ,Colors,,0 
Hindi,6,Rajeev Paul,Actor,Male,07-Oct-12,11-Jan-13,14,No,97,19,07-Oct-12,12-Jan-13,Salman Khan,0 ,Colors,,0 
Hindi,6,Sampat Pal Devi,Commoner,,07-Oct-12,,5,No,97,19,07-Oct-12,12-Jan-13,Salman Khan,0 ,Colors,,0 
Hindi,6,Sana Khan,Actress,Female,07-Oct-12,12-Jan-13,14,No,97,19,07-Oct-12,12-Jan-13,Salman Khan,0 ,Colors,,0 
Hindi,6,Sapna Bhavnani,Celebrity hairstylist,,07-Oct-12,,13,No,97,19,07-Oct-12,12-Jan-13,Salman Khan,0 ,Colors,,0 
Hindi,6,Sayantani Ghosh,Model,,07-Oct-12,,3,No,97,19,07-Oct-12,12-Jan-13,Salman Khan,0 ,Colors,,0 
Hindi,6,Urvashi Dholakia,Actress,Female,07-Oct-12,NA,NA,No,97,19,07-Oct-12,12-Jan-13,Salman Khan,"50,00,000",Colors,,1 
Hindi,6,Vrajesh Hirjee,Actor,Male,07-Oct-12,,9,No,97,19,07-Oct-12,12-Jan-13,Salman Khan,0 ,Colors,,0 
Hindi,6,Vishal Karwal,Soap Actor,Male,,,11,Yes,97,19,07-Oct-12,12-Jan-13,Salman Khan,0 ,Colors,,0 
Hindi,6,Mink Brar,Model,,,,9,Yes,97,19,07-Oct-12,12-Jan-13,Salman Khan,0 ,Colors,,0 
Hindi,6,Imam Siddique,Reality Show Alumni,,,12-Jan-13,14,Yes,97,19,07-Oct-12,12-Jan-13,Salman Khan,0 ,Colors,,0 
Hindi,6,Santosh Shukla,Actor,Male,,,11,Yes,97,19,07-Oct-12,12-Jan-13,Salman Khan,0 ,Colors,,0 
Hindi,7,Anita Advani,Actress,Female,15-Sep-13,,4,No,105,20,15-Sep-13,28-Dec-13,Salman Khan,0 ,Colors,,0 
Hindi,7,Apoorva Agnihotri,Actor,Male,15-Sep-13,,7,No,105,20,15-Sep-13,28-Dec-13,Salman Khan,0 ,Colors,,0 
Hindi,7,Armaan Kohli,Actor,Male,15-Sep-13,,14,No,105,20,15-Sep-13,28-Dec-13,Salman Khan,0 ,Colors,,0 
Hindi,7,Elli Avram,International Star,,15-Sep-13,,10,No,105,20,15-Sep-13,28-Dec-13,Salman Khan,0 ,Colors,,0 
Hindi,7,Gauhar Khan,Actress,Female,15-Sep-13,NA,NA,No,105,20,15-Sep-13,28-Dec-13,Salman Khan,"50,00,000",Colors,,1 
Hindi,7,Hazel Keech,International Star,,15-Sep-13,,1,No,105,20,15-Sep-13,28-Dec-13,Salman Khan,0 ,Colors,,0 
Hindi,7,Kamya Panjabi,Soap Actress,Female,15-Sep-13,,13,No,105,20,15-Sep-13,28-Dec-13,Salman Khan,0 ,Colors,,0 
Hindi,7,Kushal Tandon,Model,,15-Sep-13,,14,No,105,20,15-Sep-13,28-Dec-13,Salman Khan,0 ,Colors,,0 
Hindi,7,Pratyusha Banerjee,Actress,Female,15-Sep-13,,9,No,105,20,15-Sep-13,28-Dec-13,Salman Khan,0 ,Colors,,0 
Hindi,7,Rajat Rawail,Producer,,15-Sep-13,,2,No,105,20,15-Sep-13,28-Dec-13,Salman Khan,0 ,Colors,,0 
Hindi,7,Ratan Rajput,Soap Actress,Female,15-Sep-13,,3,No,105,20,15-Sep-13,28-Dec-13,Salman Khan,0 ,Colors,,0 
Hindi,7,Sangram Singh,Wrestler,,15-Sep-13,28-Dec-13,15,No,105,20,15-Sep-13,28-Dec-13,Salman Khan,0 ,Colors,,0 
Hindi,7,Shilpa Sakhlani,Actress,Female,15-Sep-13,,5,No,105,20,15-Sep-13,28-Dec-13,Salman Khan,0 ,Colors,,0 
Hindi,7,Tanisha Mukherjee,Actress,Female,15-Sep-13,28-Dec-13,15,No,105,20,15-Sep-13,28-Dec-13,Salman Khan,0 ,Colors,,0 
Hindi,7,VJ Andy,VJ,,15-Sep-13,,14,No,105,20,15-Sep-13,28-Dec-13,Salman Khan,0 ,Colors,,0 
Hindi,7,Asif Azim,Model,,,,6,Yes,105,20,15-Sep-13,28-Dec-13,Salman Khan,0 ,Colors,,0 
Hindi,7,Vivek Mishra,Model,,,,6,Yes,105,20,15-Sep-13,28-Dec-13,Salman Khan,0 ,Colors,,0 
Hindi,7,Ajaz Khan,Actor,Male,,28-Dec-13,15,Yes,105,20,15-Sep-13,28-Dec-13,Salman Khan,0 ,Colors,,0 
Hindi,7,Candy Brar,Model,,,,8,Yes,105,20,15-Sep-13,28-Dec-13,Salman Khan,0 ,Colors,,0 
Hindi,7,Sofia Hayat,International Star,,,,12,Yes,105,20,15-Sep-13,28-Dec-13,Salman Khan,0 ,Colors,,0 
Hindi,8,Arya Babbar,Actor,Male,21-Sep-14,,8,No,105,19,21-Sep-14,03-Jan-15,Salman Khan/Farah Khan,0 ,Colors,,0 
Hindi,8,Deepshikha,Actress,Female,21-Sep-14,,3,No,105,19,21-Sep-14,03-Jan-15,Salman Khan/Farah Khan,0 ,Colors,,0 
Hindi,8,Diandra Soares,Model,,21-Sep-14,,12,No,105,19,21-Sep-14,03-Jan-15,Salman Khan/Farah Khan,0 ,Colors,,0 
Hindi,8,Gautam Gulati,Actor,Male,21-Sep-14,NA,NA,No,105,19,21-Sep-14,03-Jan-15,Salman Khan/Farah Khan,"50,00,000",Colors,,1 
Hindi,8,Karishma Tanna,Model,,21-Sep-14,03-Jan-15,15,No,105,19,21-Sep-14,03-Jan-15,Salman Khan/Farah Khan,0 ,Colors,,0 
Hindi,8,Minissha Lamba,Actress,Female,21-Sep-14,,6,No,105,19,21-Sep-14,03-Jan-15,Salman Khan/Farah Khan,0 ,Colors,,0 
Hindi,8,Natasa Stankovic,Model,,21-Sep-14,,4,No,105,19,21-Sep-14,03-Jan-15,Salman Khan/Farah Khan,0 ,Colors,,0 
Hindi,8,Praneet Bhat,Soap Actor,Male,21-Sep-14,,13,No,105,19,21-Sep-14,03-Jan-15,Salman Khan/Farah Khan,0 ,Colors,,0 
Hindi,8,Pritam Singh RJ,TV Anchor,,21-Sep-14,03-Jan-15,15,No,105,19,21-Sep-14,03-Jan-15,Salman Khan/Farah Khan,0 ,Colors,,0 
Hindi,8,Puneet Issar,Actor,Male,21-Sep-14,03-Jan-15,15,No,105,19,21-Sep-14,03-Jan-15,Salman Khan/Farah Khan,0 ,Colors,,0 
Hindi,8,Sonali Raut,Model,,21-Sep-14,03-Jan-15,15,No,105,19,21-Sep-14,03-Jan-15,Salman Khan/Farah Khan,0 ,Colors,,0 
Hindi,8,Soni Singh,Soap Actress,Female,21-Sep-14,,5,No,105,19,21-Sep-14,03-Jan-15,Salman Khan/Farah Khan,0 ,Colors,,0 
Hindi,8,Sukirti Kandpal,Model,,21-Sep-14,,2,No,105,19,21-Sep-14,03-Jan-15,Salman Khan/Farah Khan,0 ,Colors,,0 
Hindi,8,Sushant Divgikar,Model,,21-Sep-14,,7,No,105,19,21-Sep-14,03-Jan-15,Salman Khan/Farah Khan,0 ,Colors,,0 
Hindi,8,Upen Patel,Model,,21-Sep-14,03-Jan-15,15,No,105,19,21-Sep-14,03-Jan-15,Salman Khan/Farah Khan,0 ,Colors,,0 
Hindi,8,Ali Quli Mirza,Singer,,,03-Jan-15,15,Yes,105,19,21-Sep-14,03-Jan-15,Salman Khan/Farah Khan,0 ,Colors,,0 
Hindi,8,Renee Dhyani,Reality Show Alumni,,,,10,Yes,105,19,21-Sep-14,03-Jan-15,Salman Khan/Farah Khan,0 ,Colors,,0 
Hindi,8,Dimpy Ganguly,TV Anchor,,,03-Jan-15,15,Yes,105,19,21-Sep-14,03-Jan-15,Salman Khan/Farah Khan,0 ,Colors,,0 
Hindi,8,Nigaar Khan,Soap Actress,Female,,,9,Yes,105,19,21-Sep-14,03-Jan-15,Salman Khan/Farah Khan,0 ,Colors,,0 
Hindi,9,Aman Verma,Soap Actor,Male,11-Oct-15,,6,No,105,20,11-Oct-15,23-Jan-16,Salman Khan,0 ,Colors,,0 
Hindi,9,Ankit Gera,Soap Actor,Male,11-Oct-15,,1,No,105,20,11-Oct-15,23-Jan-16,Salman Khan,0 ,Colors,,0 
Hindi,9,Arvind Vegda,Singer,,11-Oct-15,,3,No,105,20,11-Oct-15,23-Jan-16,Salman Khan,0 ,Colors,,0 
Hindi,9,Digangana Suryavanshi,Soap Actress,Female,11-Oct-15,,8,No,105,20,11-Oct-15,23-Jan-16,Salman Khan,0 ,Colors,,0 
Hindi,9,Keith Sequeira,Actor,Male,11-Oct-15,19-Jan-16,15,No,105,20,11-Oct-15,23-Jan-16,Salman Khan,0 ,Colors,,0 
Hindi,9,Kishwar Merchant,Soap Actress,Female,11-Oct-15,NA,NA,No,105,20,11-Oct-15,23-Jan-16,Salman Khan,0 ,Colors,,0 
Hindi,9,Mandana Karimi,International Star,,11-Oct-15,23-Jan-16,15,No,105,20,11-Oct-15,23-Jan-16,Salman Khan,0 ,Colors,,0 
Hindi,9,Prince Narula,Reality Show Alumni,,11-Oct-15,NA,NA,No,105,20,11-Oct-15,23-Jan-16,Salman Khan,"50,00,000",Colors,,1 
Hindi,9,Rimi Sen,Actress,Female,11-Oct-15,,7,No,105,20,11-Oct-15,23-Jan-16,Salman Khan,0 ,Colors,,0 
Hindi,9,Rochelle Rao,Model,,11-Oct-15,23-Jan-16,15,No,105,20,11-Oct-15,23-Jan-16,Salman Khan,0 ,Colors,,0 
Hindi,9,Roopal Tyagi,Soap Actress,Female,11-Oct-15,,2,No,105,20,11-Oct-15,23-Jan-16,Salman Khan,0 ,Colors,,0 
Hindi,9,Suyyash Rai,Soap Actor,Male,11-Oct-15,,12,No,105,20,11-Oct-15,23-Jan-16,Salman Khan,0 ,Colors,,0 
Hindi,9,Vikas Bhalla,Actor,Male,11-Oct-15,,3,No,105,20,11-Oct-15,23-Jan-16,Salman Khan,0 ,Colors,,0 
Hindi,9,Yuvika Chaudhary,Actress,Female,11-Oct-15,,4,No,105,20,11-Oct-15,23-Jan-16,Salman Khan,0 ,Colors,,0 
Hindi,9,Rishabh Sinha,Soap Actor,Male,,23-Jan-16,15,Yes,105,20,11-Oct-15,23-Jan-16,Salman Khan,0 ,Colors,,0 
Hindi,9,Puneet Vashist,Actor,Male,,,5,Yes,105,20,11-Oct-15,23-Jan-16,Salman Khan,0 ,Colors,,0 
Hindi,9,Kawaljeet Singh,Fashion Designer,,,,9,Yes,105,20,11-Oct-15,23-Jan-16,Salman Khan,0 ,Colors,,0 
Hindi,9,Priya Malik,Commoner,,,,14,Yes,105,20,11-Oct-15,23-Jan-16,Salman Khan,0 ,Colors,,0 
Hindi,9,Nora Fatehi,Model,,,,12,Yes,105,20,11-Oct-15,23-Jan-16,Salman Khan,0 ,Colors,,0 
Hindi,9,Gizele Thakral,Model,,,,11,Yes,105,20,11-Oct-15,23-Jan-16,Salman Khan,0 ,Colors,,0 
Hindi,10,Akanksha Sharma ,Stage Actress,Female,16-Oct-16,,2,No,105,18,16-Oct-16,28-Jan-17,Salman Khan,0 ,Colors,,0 
Hindi,10,Gaurav Chopra,Soap Actor,Male,16-Oct-16,,11,No,105,18,16-Oct-16,28-Jan-17,Salman Khan,0 ,Colors,,0 
Hindi,10,Gurbani Judge,VJ,,16-Oct-16,28-Jan-17,15,No,105,18,16-Oct-16,28-Jan-17,Salman Khan,0 ,Colors,,0 
Hindi,10,Karan Mehra,Soap Actor,Male,16-Oct-16,,5,No,105,18,16-Oct-16,28-Jan-17,Salman Khan,0 ,Colors,,0 
Hindi,10,Lokesh Kumari Sharma,Commoner,,16-Oct-16,,5,No,105,18,16-Oct-16,28-Jan-17,Salman Khan,0 ,Colors,,0 
Hindi,10,Lopamudra Raut,Model,,16-Oct-16,28-Jan-17,15,No,105,18,16-Oct-16,28-Jan-17,Salman Khan,0 ,Colors,,0 
Hindi,10,Manu Punjabi,Reality Show Alumni,,16-Oct-16,NA,NA,No,105,18,16-Oct-16,28-Jan-17,Salman Khan,0 ,Colors,,0 
Hindi,10,Manveer Gurjar,Commoner,,16-Oct-16,NA,NA,No,105,18,16-Oct-16,28-Jan-17,Salman Khan,"50,00,000",Colors,,1 
Hindi,10,Navin Prakash,Commoner,,16-Oct-16,,4,No,105,18,16-Oct-16,28-Jan-17,Salman Khan,0 ,Colors,,0 
Hindi,10,Nitibha Kaul,Commoner,,16-Oct-16,,13,No,105,18,16-Oct-16,28-Jan-17,Salman Khan,0 ,Colors,,0 
Hindi,10,Priyanka Jagga,Commoner,,16-Oct-16,,8,No,105,18,16-Oct-16,28-Jan-17,Salman Khan,0 ,Colors,,0 
Hindi,10,Rahul Dev,Actor,Male,16-Oct-16,,9,No,105,18,16-Oct-16,28-Jan-17,Salman Khan,0 ,Colors,,0 
Hindi,10,Rohan Mehra,Soap Actor,Male,16-Oct-16,24-Jan-17,15,No,105,18,16-Oct-16,28-Jan-17,Salman Khan,0 ,Colors,,0 
Hindi,10,Swami Om ,Commoner,,16-Oct-16,NA,NA,No,105,18,16-Oct-16,28-Jan-17,Salman Khan,0 ,Colors,,0 
Hindi,10,Antara Biswas,Actress,Female,,,14,No,105,18,16-Oct-16,28-Jan-17,Salman Khan,0 ,Colors,,0 
Hindi,10,Jason Shah,Model,,,NA,NA,Yes,105,18,16-Oct-16,28-Jan-17,Salman Khan,0 ,Colors,,0 
Hindi,10,Elena Kazan,Actress,Female,,,7,Yes,105,18,16-Oct-16,28-Jan-17,Salman Khan,0 ,Colors,,0 
Hindi,10,Sahil Anand,Actor,Male,,,8,Yes,105,18,16-Oct-16,28-Jan-17,Salman Khan,0 ,Colors,,0 
Hindi,11,Akash Anil Dadlani,Rapper,,01-Oct-17,,15,No,106,19,01-Oct-17,14-Jan-18,Salman Khan,0 ,Colors,,0 
Hindi,11,Arshi Khan,Actress,Female,01-Oct-17,,12,No,106,19,01-Oct-17,14-Jan-18,Salman Khan,0 ,Colors,,0 
Hindi,11,Bandgi Kalra,Commoner,,01-Oct-17,03-Dec-17,9,No,106,19,01-Oct-17,14-Jan-18,Salman Khan,0 ,Colors,,0 
Hindi,11,Benafsha Soonawalla,VJ,,01-Oct-17,19-Nov-17,7,No,106,19,01-Oct-17,14-Jan-18,Salman Khan,0 ,Colors,,0 
Hindi,11,Hina Khan,Soap Actress,Female,01-Oct-17,,15,No,106,19,01-Oct-17,14-Jan-18,Salman Khan,0 ,Colors,,0 
Hindi,11,Hiten Tejwani,Soap Actor,Male,01-Oct-17,,11,No,106,19,01-Oct-17,14-Jan-18,Salman Khan,0 ,Colors,,0 
Hindi,11,Jyoti Kumari,Commoner,,01-Oct-17,29-Oct-17,4,No,106,19,01-Oct-17,14-Jan-18,Salman Khan,0 ,Colors,,0 
Hindi,11,Lucinda Nicholas,International Star,,01-Oct-17,16-Oct-17,3,No,106,19,01-Oct-17,14-Jan-18,Salman Khan,0 ,Colors,,0 
Hindi,11,Luv Tyagi,Commoner,,01-Oct-17,,14,No,106,19,01-Oct-17,14-Jan-18,Salman Khan,0 ,Colors,,0 
Hindi,11,Mehjabi Siddiqui,Commoner,,01-Oct-17,12-Nov-17,6,No,106,19,01-Oct-17,14-Jan-18,Salman Khan,0 ,Colors,,0 
Hindi,11,Priyank Sharma,Model,,01-Oct-17,,13,No,106,19,01-Oct-17,14-Jan-18,Salman Khan,0 ,Colors,,0 
Hindi,11,Puneesh Sharma,Reality Show Alumni,,01-Oct-17,,15,No,106,19,01-Oct-17,14-Jan-18,Salman Khan,0 ,Colors,,0 
Hindi,11,Sabyasachi Satpathy,TV Anchor,,01-Oct-17,12-Nov-17,6,No,106,19,01-Oct-17,14-Jan-18,Salman Khan,0 ,Colors,,0 
Hindi,11,Sapna Choudhary,Stage Actress,Female,01-Oct-17,26-Nov-17,8,No,106,19,01-Oct-17,14-Jan-18,Salman Khan,0 ,Colors,,0 
Hindi,11,Shilpa Shinde,Soap Actress,Female,01-Oct-17,NA,NA,No,106,19,01-Oct-17,14-Jan-18,Salman Khan,"50,00,000",Colors,,1 
Hindi,11,Sshivani Durga,Commoner,,01-Oct-17,15-Oct-17,2,No,106,19,01-Oct-17,14-Jan-18,Salman Khan,0 ,Colors,,0 
Hindi,11,Vikas Gupta,Producer,,01-Oct-17,,15,No,106,19,01-Oct-17,14-Jan-18,Salman Khan,0 ,Colors,,0 
Hindi,11,Zubair Khan,Commoner,,01-Oct-17,08-Oct-17,1,No,106,19,01-Oct-17,14-Jan-18,Salman Khan,0 ,Colors,,0 
Hindi,11,Dhinchak Pooja,Internet personality,,22-Oct-17,05-Nov-17,5,Yes,106,19,01-Oct-17,14-Jan-18,Salman Khan,0 ,Colors,,0 
Hindi,12,Anup Jalota,Singer,,16-Sep-18,,6,No,105,20,16-Sep-18,30-Dec-18,Salman Khan,0 ,Colors,,0 
Hindi,12,Deepak Thakur,Singer,,16-Sep-18,30-Dec-18,15,No,105,20,16-Sep-18,30-Dec-18,Salman Khan,0 ,Colors,,0 
Hindi,12,Dipika Kakar ,Actress,Female,16-Sep-18,NA,NA,No,105,20,16-Sep-18,30-Dec-18,Salman Khan,"50,00,000",Colors,,1 
Hindi,12,Jasleen Matharu,Commoner,,16-Sep-18,,12,No,105,20,16-Sep-18,30-Dec-18,Salman Khan,0 ,Colors,,0 
Hindi,12,Karanvir Bohra,Soap Actor,Male,16-Sep-18,30-Dec-18,15,No,105,20,16-Sep-18,30-Dec-18,Salman Khan,0 ,Colors,,0 
Hindi,12,Kriti Verma,Reality Show Alumni,,16-Sep-18,,2,No,105,20,16-Sep-18,30-Dec-18,Salman Khan,0 ,Colors,,0 
Hindi,12,Neha Pendse,Actress,Female,16-Sep-18,,4,No,105,20,16-Sep-18,30-Dec-18,Salman Khan,0 ,Colors,,0 
Hindi,12,Nirmal Singh ,Commoner,,16-Sep-18,,2,No,105,20,16-Sep-18,30-Dec-18,Salman Khan,0 ,Colors,,0 
Hindi,12,Romil Chaudhary ,Commoner,,16-Sep-18,30-Dec-18,15,No,105,20,16-Sep-18,30-Dec-18,Salman Khan,0 ,Colors,,0 
Hindi,12,Roshmi Banik,Commoner,,16-Sep-18,,2,No,105,20,16-Sep-18,30-Dec-18,Salman Khan,0 ,Colors,,0 
Hindi,12,Saba Khan,Commoner,,16-Sep-18,,6,No,105,20,16-Sep-18,30-Dec-18,Salman Khan,0 ,Colors,,0 
Hindi,12,Saurabh Patel ,Actor,Male,16-Sep-18,,5,No,105,20,16-Sep-18,30-Dec-18,Salman Khan,0 ,Colors,,0 
Hindi,12,Shanthakumaran Sreesanth,Sportsperson,Male,16-Sep-18,30-Dec-18,15,No,105,20,16-Sep-18,30-Dec-18,Salman Khan,0 ,Colors,,0 
Hindi,12,Shivashish Mishra,Commoner,,16-Sep-18,,9,No,105,20,16-Sep-18,30-Dec-18,Salman Khan,0 ,Colors,,0 
Hindi,12,Somi Khan,Commoner,,16-Sep-18,,14,No,105,20,16-Sep-18,30-Dec-18,Salman Khan,0 ,Colors,,0 
Hindi,12,Srishty Rode,Soap Actress,Female,16-Sep-18,,10,No,105,20,16-Sep-18,30-Dec-18,Salman Khan,0 ,Colors,,0 
Hindi,12,Urvashi Vani,Commoner,,16-Sep-18,,7,No,105,20,16-Sep-18,30-Dec-18,Salman Khan,0 ,Colors,,0 
Hindi,12,Surbhi Rana,Commoner,,,30-Dec-18,15,Yes,105,20,16-Sep-18,30-Dec-18,Salman Khan,0 ,Colors,,0 
Hindi,12,Megha Dhade,Actress,Female,,,12,Yes,105,20,16-Sep-18,30-Dec-18,Salman Khan,0 ,Colors,,0 
Hindi,12,Rohit Suchanti ,Actor,Male,,,13,Yes,105,20,16-Sep-18,30-Dec-18,Salman Khan,0 ,Colors,,0 
Hindi,13,Abu Malik,Singer,Male,29-Sep-19,,,No,105,15,29-Sep-19,12-Jan-20,Salman Khan,,Colors,,
Hindi,13,Arti Singh,Soap Actress,Female,29-Sep-19,,,No,105,15,29-Sep-19,12-Jan-20,Salman Khan,,Colors,,
Hindi,13,Asim Riaz,Model,,29-Sep-19,,,No,105,15,29-Sep-19,12-Jan-20,Salman Khan,,Colors,,
Hindi,13,Dalljiet Kaur,Soap Actress,Female,29-Sep-19,,,No,105,15,29-Sep-19,12-Jan-20,Salman Khan,,Colors,,
Hindi,13,Devoleena Bhattacharjee ,Soap Actress,Female,29-Sep-19,,,No,105,15,29-Sep-19,12-Jan-20,Salman Khan,,Colors,,
Hindi,13,Koena Mitra ,Actress,Female,29-Sep-19,,,No,105,15,29-Sep-19,12-Jan-20,Salman Khan,,Colors,,
Hindi,13,Mahira Sharma,Soap Actress,Female,29-Sep-19,,,No,105,15,29-Sep-19,12-Jan-20,Salman Khan,,Colors,,
Hindi,13,Paras Chhabra ,Soap Actor,Male,29-Sep-19,,,No,105,15,29-Sep-19,12-Jan-20,Salman Khan,,Colors,,
Hindi,13,Rashami Desai,Soap Actress,Female,29-Sep-19,,,No,105,15,29-Sep-19,12-Jan-20,Salman Khan,,Colors,,
Hindi,13,Shefali Bagga,TV Anchor,,29-Sep-19,,,No,105,15,29-Sep-19,12-Jan-20,Salman Khan,,Colors,,
Hindi,13,Shehnaaz Gill,Singer,Female,29-Sep-19,,,No,105,15,29-Sep-19,12-Jan-20,Salman Khan,,Colors,,
Hindi,13,Siddharth Shukla,Soap Actor,Male,29-Sep-19,,,No,105,15,29-Sep-19,12-Jan-20,Salman Khan,,Colors,,
Hindi,13,Siddhartha Dey,Writer,Male,29-Sep-19,,,No,105,15,29-Sep-19,12-Jan-20,Salman Khan,,Colors,,
Hindi,13,,,,29-Sep-19,,,,105,15,29-Sep-19,12-Jan-20,Salman Khan,,Colors,,
Hindi,13,,,,29-Sep-19,,,,105,15,29-Sep-19,12-Jan-20,Salman Khan,,Colors,,
Kannada,1,Anushree,Anchor,,24-Mar-13,,11,No,98,15,24-Mar-13,30-Jun-13,Sudeep,0 ,ETV Kannada,,0
Kannada,1,Aparna,Anchor,,24-Mar-13,,6,No,98,15,24-Mar-13,30-Jun-13,Sudeep,0 ,ETV Kannada,,0
Kannada,1,Arun Sagar,Art Director,,24-Mar-13,30-Jun-13,14,No,98,15,24-Mar-13,30-Jun-13,Sudeep,0 ,ETV Kannada,,0
Kannada,1,Chandrika,Actress,Female,24-Mar-13,,13,No,98,15,24-Mar-13,30-Jun-13,Sudeep,0 ,ETV Kannada,,0
Kannada,1,Jayalakshmi,Nurse,Female,24-Mar-13,,7,No,98,15,24-Mar-13,30-Jun-13,Sudeep,0 ,ETV Kannada,,0
Kannada,1,Narendra Babu Sharma,Anchor,,24-Mar-13,30-Jun-13,14,No,98,15,24-Mar-13,30-Jun-13,Sudeep,0 ,ETV Kannada,,0
Kannada,1,Nikita Thukral,Actress,Female,24-Mar-13,30-Jun-13,14,No,98,15,24-Mar-13,30-Jun-13,Sudeep,0 ,ETV Kannada,,0
Kannada,1,Rishi Kumar,Swamiji,Male,24-Mar-13,,4,No,98,15,24-Mar-13,30-Jun-13,Sudeep,0 ,ETV Kannada,,0
Kannada,1,Sanjjanaa,Actress,Female,24-Mar-13,,2,No,98,15,24-Mar-13,30-Jun-13,Sudeep,0 ,ETV Kannada,,0
Kannada,1,Shweta Pandit,Actress,Female,24-Mar-13,,3,No,98,15,24-Mar-13,30-Jun-13,Sudeep,0 ,ETV Kannada,,0
Kannada,1,Thilak Shekar,Actor,Male,24-Mar-13,,6,No,98,15,24-Mar-13,30-Jun-13,Sudeep,0 ,ETV Kannada,,0
Kannada,1,Vijay Raghavendra,Actor,Male,24-Mar-13,NA,NA,No,98,15,24-Mar-13,30-Jun-13,Sudeep,"50,00,000",ETV Kannada,,1
Kannada,1,Vinayak Joshi,RJ,,24-Mar-13,,5,No,98,15,24-Mar-13,30-Jun-13,Sudeep,0 ,ETV Kannada,,0
Kannada,1,Rohan Gowda,Reality Show Alumni,,,,8,Yes,98,15,24-Mar-13,30-Jun-13,Sudeep,0 ,ETV Kannada,,0
Kannada,1,Rishika Singh,Actress,Female,,,9,Yes,98,15,24-Mar-13,30-Jun-13,Sudeep,0 ,ETV Kannada,,0
Kannada,2,Aadhi Lokesh,,,29-Jun-14,,9,No,98,15,29-Jun-14,5-Oct-14,Sudeep,0 ,Suvarna,,0
Kannada,2,Akul Balaji,Anchor,,29-Jun-14,NA,NA,No,98,15,29-Jun-14,5-Oct-14,Sudeep,"50,00,000",Suvarna,,1
Kannada,2,Anita Bhat,,,29-Jun-14,,1,No,98,15,29-Jun-14,5-Oct-14,Sudeep,0 ,Suvarna,,0
Kannada,2,Anupama Bhat,Anchor,,29-Jun-14,,13,No,98,15,29-Jun-14,5-Oct-14,Sudeep,0 ,Suvarna,,0
Kannada,2,Deepika Kamaiah,Actress,Female,29-Jun-14,,14,No,98,15,29-Jun-14,5-Oct-14,Sudeep,0 ,Suvarna,,0
Kannada,2,Harshika Poonacha,Actress,Female,29-Jun-14,,7,No,98,15,29-Jun-14,5-Oct-14,Sudeep,0 ,Suvarna,,0
Kannada,2,Laya Kokila,Comedian,,29-Jun-14,,4,No,98,15,29-Jun-14,5-Oct-14,Sudeep,0 ,Suvarna,,0
Kannada,2,Mayur Patel,Actor,Male,29-Jun-14,,6,No,98,15,29-Jun-14,5-Oct-14,Sudeep,0 ,Suvarna,,0
Kannada,2,Neethu Shetty,Actress,Female,29-Jun-14,,11,No,98,15,29-Jun-14,5-Oct-14,Sudeep,0 ,Suvarna,,0
Kannada,2,Rohith Patel,RJ,,29-Jun-14,,10,No,98,15,29-Jun-14,5-Oct-14,Sudeep,0 ,Suvarna,,0
Kannada,2,Santhosh Aryan,Actor,Male,29-Jun-14,,10,No,98,15,29-Jun-14,5-Oct-14,Sudeep,0 ,Suvarna,,0
Kannada,2,Shakeela,Actress,Female,29-Jun-14,,3,No,98,15,29-Jun-14,5-Oct-14,Sudeep,0 ,Suvarna,,0
Kannada,2,Srujan Lokesh,Actor,Male,29-Jun-14,,14,No,98,15,29-Jun-14,5-Oct-14,Sudeep,0 ,Suvarna,,0
Kannada,2,Swetha Changappa,Soap Actress,Female,29-Jun-14,,14,No,98,15,29-Jun-14,5-Oct-14,Sudeep,0 ,Suvarna,,0
Kannada,2,Guruprasad,Film director,,,,12,Yes,98,15,29-Jun-14,5-Oct-14,Sudeep,0 ,Suvarna,,0
Kannada,3,Bhavana Belegere,Anchor,,25-Oct-15,,10,No,98,18,25-Oct-15,31-Jan-16,Sudeep,0 ,Colors Kannada,,0
Kannada,3,Chandan Kumar,Soap Actor,Male,25-Oct-15,,14,No,98,18,25-Oct-15,31-Jan-16,Sudeep,0 ,Colors Kannada,,0
Kannada,3,Huccha Venkat,Actor,Male,25-Oct-15,,NA,No,98,18,25-Oct-15,31-Jan-16,Sudeep,0 ,Colors Kannada,,0
Kannada,3,Jayashree Ramaiah,Model,,25-Oct-15,,2,No,98,18,25-Oct-15,31-Jan-16,Sudeep,0 ,Colors Kannada,,0
Kannada,3,Kruthika Ravindra,Soap Actress,Female,25-Oct-15,,9,No,98,18,25-Oct-15,31-Jan-16,Sudeep,0 ,Colors Kannada,,0
Kannada,3,Madhuri Itagi,Actress,Female,25-Oct-15,,1,No,98,18,25-Oct-15,31-Jan-16,Sudeep,0 ,Colors Kannada,,0
Kannada,3,Master Anand,Actor,Male,25-Oct-15,,14,No,98,18,25-Oct-15,31-Jan-16,Sudeep,0 ,Colors Kannada,,0
Kannada,3,Neha Gowda,Air Hostess,Female,25-Oct-15,,6,No,98,18,25-Oct-15,31-Jan-16,Sudeep,0 ,Colors Kannada,,0
Kannada,3,Neravanda Aiyappa,Sportsperson,,25-Oct-15,,13,No,98,18,25-Oct-15,31-Jan-16,Sudeep,0 ,Colors Kannada,,0
Kannada,3,Nethra,RJ,,25-Oct-15,,7,No,98,18,25-Oct-15,31-Jan-16,Sudeep,0 ,Colors Kannada,,0
Kannada,3,Pooja Gandhi,Actress,Female,25-Oct-15,,14,No,98,18,25-Oct-15,31-Jan-16,Sudeep,0 ,Colors Kannada,,0
Kannada,3,Ravi Mooruru,Singer,,25-Oct-15,,4,No,98,18,25-Oct-15,31-Jan-16,Sudeep,0 ,Colors Kannada,,0
Kannada,3,Rehman Hassan,TV Anchor,,25-Oct-15,,14,No,98,18,25-Oct-15,31-Jan-16,Sudeep,0 ,Colors Kannada,,0
Kannada,3,Shruti,Actress,Female,25-Oct-15,NA,NA,No,98,18,25-Oct-15,31-Jan-16,Sudeep,"50,00,000",Colors Kannada,,1
Kannada,3,Tsunami Kitty,Reality Show Alumni,,25-Oct-15,,12,No,98,18,25-Oct-15,31-Jan-16,Sudeep,0 ,Colors Kannada,,0
Kannada,3,Mithra,Comedian,,,,8,Yes,98,18,25-Oct-15,31-Jan-16,Sudeep,0 ,Colors Kannada,,0
Kannada,3,Gowthami Gowda,Actress,Female,,,12,Yes,98,18,25-Oct-15,31-Jan-16,Sudeep,0 ,Colors Kannada,,0
Kannada,3,Sushma Veer,Theatre and Dance artist,,,,11,Yes,98,18,25-Oct-15,31-Jan-16,Sudeep,0 ,Colors Kannada,,0
Kannada,4,Bhuvan Ponnanna,Model,,09-Oct-16,,,No,112,18,09-Oct-16,29-Jan-17,Sudeep,0 ,Colors Kannada,,0
Kannada,4,Chaitra,Singer,,09-Oct-16,,,No,112,18,09-Oct-16,29-Jan-17,Sudeep,0 ,Colors Kannada,,0
Kannada,4,Dodda Ganesh,Sportsperson,,09-Oct-16,,,No,112,18,09-Oct-16,29-Jan-17,Sudeep,0 ,Colors Kannada,,0
Kannada,4,Karunya Ram ,Actress,Female,09-Oct-16,,,No,112,18,09-Oct-16,29-Jan-17,Sudeep,0 ,Colors Kannada,,0
Kannada,4,Kavya Shastri,TV Anchor,,09-Oct-16,,,No,112,18,09-Oct-16,29-Jan-17,Sudeep,0 ,Colors Kannada,,0
Kannada,4,Keerthi Kumar,Program producer,,09-Oct-16,,,No,112,18,09-Oct-16,29-Jan-17,Sudeep,0 ,Colors Kannada,,0
Kannada,4,Malavika Avinash,Actress,Female,09-Oct-16,,,No,112,18,09-Oct-16,29-Jan-17,Sudeep,0 ,Colors Kannada,,0
Kannada,4,Mohan Shankar,Actor,Male,09-Oct-16,,,No,112,18,09-Oct-16,29-Jan-17,Sudeep,0 ,Colors Kannada,,0
Kannada,4,Niranjan Deshpande,RJ,,09-Oct-16,,,No,112,18,09-Oct-16,29-Jan-17,Sudeep,0 ,Colors Kannada,,0
Kannada,4,Pratham,Film director,,09-Oct-16,NA,NA,No,112,18,09-Oct-16,29-Jan-17,Sudeep,"50,00,000",Colors Kannada,,1
Kannada,4,Rekha,Actress,Female,09-Oct-16,,,No,112,18,09-Oct-16,29-Jan-17,Sudeep,0 ,Colors Kannada,,0
Kannada,4,Sanjana Chidanand,Soap Actress,Female,09-Oct-16,,,No,112,18,09-Oct-16,29-Jan-17,Sudeep,0 ,Colors Kannada,,0
Kannada,4,Shalini Satyanarayan,,,09-Oct-16,,,No,112,18,09-Oct-16,29-Jan-17,Sudeep,0 ,Colors Kannada,,0
Kannada,4,Sheetal Shetty,TV Anchor,,09-Oct-16,,,No,112,18,09-Oct-16,29-Jan-17,Sudeep,0 ,Colors Kannada,,0
Kannada,4,Vanishree,,,09-Oct-16,,,No,112,18,09-Oct-16,29-Jan-17,Sudeep,0 ,Colors Kannada,,0
Kannada,4,Omprakash Rao,Film director,,,,,Yes,112,18,09-Oct-16,29-Jan-17,Sudeep,0 ,Colors Kannada,,0
Kannada,4,Sukrutha Wagle,Actress,Female,,,,Yes,112,18,09-Oct-16,29-Jan-17,Sudeep,0 ,Colors Kannada,,0
Kannada,4,Masthan Chandra,Actor,Male,,,,Yes,112,18,09-Oct-16,29-Jan-17,Sudeep,0 ,Colors Kannada,,0
Kannada,5,Anupama Gowda,Soap Actress,Female,15-Oct-17,,14,No,106,20,15-Oct-17,28-Jan-18,Sudeep,0 ,Colors Kannada,,0
Kannada,5,Ashitha Chandrappa,Soap Actress,Female,15-Oct-17,,8,No,106,20,15-Oct-17,28-Jan-18,Sudeep,0 ,Colors Kannada,,0
Kannada,5,Chandan Shetty,Singer,,15-Oct-17,NA,NA,No,106,20,15-Oct-17,28-Jan-18,Sudeep,"50,00,000",Colors Kannada,,1
Kannada,5,Dayal Padmanabhan,Actor,Male,15-Oct-17,,3,No,106,20,15-Oct-17,28-Jan-18,Sudeep,0 ,Colors Kannada,,0
Kannada,5,Divakar,Commoner,,15-Oct-17,,15,No,106,20,15-Oct-17,28-Jan-18,Sudeep,0 ,Colors Kannada,,0
Kannada,5,Jagan Chandrashekhar,Soap Actor,Male,15-Oct-17,,9,No,106,20,15-Oct-17,28-Jan-18,Sudeep,0 ,Colors Kannada,,0
Kannada,5,Jaya Sreenivasan,Numerologist,,15-Oct-17,,11,No,106,20,15-Oct-17,28-Jan-18,Sudeep,0 ,Colors Kannada,,0
Kannada,5,Karthik Jayaram,Soap Actress,Female,15-Oct-17,,15,No,106,20,15-Oct-17,28-Jan-18,Sudeep,0 ,Colors Kannada,,0
Kannada,5,Krishi Thapanda,Actor,Male,15-Oct-17,,12,No,106,20,15-Oct-17,28-Jan-18,Sudeep,0 ,Colors Kannada,,0
Kannada,5,Megha,Commoner,,15-Oct-17,,2,No,106,20,15-Oct-17,28-Jan-18,Sudeep,0 ,Colors Kannada,,0
Kannada,5,Niveditha Gowda,Commoner,,15-Oct-17,,15,No,106,20,15-Oct-17,28-Jan-18,Sudeep,0 ,Colors Kannada,,0
Kannada,5,Riyaz Basha,RJ,,15-Oct-17,,13,No,106,20,15-Oct-17,28-Jan-18,Sudeep,0 ,Colors Kannada,,0
Kannada,5,Sameer Acharya,Commoner,,15-Oct-17,,14,No,106,20,15-Oct-17,28-Jan-18,Sudeep,0 ,Colors Kannada,,0
Kannada,5,Shruthi Prakash,Soap Actress,Female,15-Oct-17,,15,No,106,20,15-Oct-17,28-Jan-18,Sudeep,0 ,Colors Kannada,,0
Kannada,5,Sihi Kahi Chandru,Actor,Male,15-Oct-17,,7,No,106,20,15-Oct-17,28-Jan-18,Sudeep,0 ,Colors Kannada,,0
Kannada,5,Suma Rajkumar,Commoner,,15-Oct-17,,1,No,106,20,15-Oct-17,28-Jan-18,Sudeep,0 ,Colors Kannada,,0
Kannada,5,Tejaswini Prakash,Actress,Female,15-Oct-17,,4,No,106,20,15-Oct-17,28-Jan-18,Sudeep,0 ,Colors Kannada,,0
Kannada,5,Vaishnavi Chandran Menon,Actress,Female,,,15,Yes,106,20,15-Oct-17,28-Jan-18,Sudeep,0 ,Colors Kannada,,0
Kannada,5,Lasya Nagaraj,Actress,Female,,,10,Yes,106,20,15-Oct-17,28-Jan-18,Sudeep,0 ,Colors Kannada,,0
Kannada,5,Samyuktha Hegde,Actress,Female,,NA,NA,Yes,106,20,15-Oct-17,28-Jan-18,Sudeep,0 ,Colors Kannada,,0
Kannada,6,Adam Pasha,Commoner,,21-Oct-18,,4,No,100,20,21-Oct-18,27-Jan-19,Sudeep,0,Colors Kannada,,0
Kannada,6,Akshatha Pandavapura,Commoner,,21-Oct-18,,12,No,100,20,21-Oct-18,27-Jan-19,Sudeep,0,Colors Kannada,,0
Kannada,6,Anand Malgatti,Commoner,,21-Oct-18,,6,No,100,20,21-Oct-18,27-Jan-19,Sudeep,0,Colors Kannada,,0
Kannada,6,Andrew Jaypaul,Commoner,,21-Oct-18,,14,No,100,20,21-Oct-18,27-Jan-19,Sudeep,0,Colors Kannada,,0
Kannada,6,AV Ravi,Actor,Male,21-Oct-18,,5,No,100,20,21-Oct-18,27-Jan-19,Sudeep,0,Colors Kannada,,0
Kannada,6,Dhanraj CM,Commoner,,21-Oct-18,,13,No,100,20,21-Oct-18,27-Jan-19,Sudeep,0,Colors Kannada,,0
Kannada,6,Jayashree Raj,Actress,Female,21-Oct-18,,9,No,100,20,21-Oct-18,27-Jan-19,Sudeep,0,Colors Kannada,,0
Kannada,6,Kavitha Gowda,Actress,Female,21-Oct-18,,14,No,100,20,21-Oct-18,27-Jan-19,Sudeep,0,Colors Kannada,,0
Kannada,6,MJ Rakesh,RJ,,21-Oct-18,,13,No,100,20,21-Oct-18,27-Jan-19,Sudeep,0,Colors Kannada,,0
Kannada,6,Muruli,TV Anchor,,21-Oct-18,,11,No,100,20,21-Oct-18,27-Jan-19,Sudeep,0,Colors Kannada,,0
Kannada,6,Naveen Sajju,Singer,,21-Oct-18,,14,No,100,20,21-Oct-18,27-Jan-19,Sudeep,0,Colors Kannada,,0
Kannada,6,Nayana Puttaswamy,Actress,Female,21-Oct-18,,8,No,100,20,21-Oct-18,27-Jan-19,Sudeep,0,Colors Kannada,,0
Kannada,6,Rakshitha Rai,Sportsperson,,21-Oct-18,,1,No,100,20,21-Oct-18,27-Jan-19,Sudeep,0,Colors Kannada,,0
Kannada,6,Rapid Rashmi,Actress,Female,21-Oct-18,,14,No,100,20,21-Oct-18,27-Jan-19,Sudeep,0,Colors Kannada,,0
Kannada,6,Reema Dias,Commoner,,21-Oct-18,,2,No,100,20,21-Oct-18,27-Jan-19,Sudeep,0,Colors Kannada,,0
Kannada,6,Shashi Kumar,Commoner,,21-Oct-18,NA,NA,No,100,20,21-Oct-18,27-Jan-19,Sudeep,"50,00,000",Colors Kannada,,1
Kannada,6,Sneha Acharya,Actress,Female,21-Oct-18,,3,No,100,20,21-Oct-18,27-Jan-19,Sudeep,0,Colors Kannada,,0
Kannada,6,Sonu Patil,Commoner,,21-Oct-18,,7,No,100,20,21-Oct-18,27-Jan-19,Sudeep,0,Colors Kannada,,0
Kannada,6,Jeevitha,Actress,Female,,,11,Yes,100,20,21-Oct-18,27-Jan-19,Sudeep,0,Colors Kannada,,0
Kannada,6,Meghashree,Commoner,,,,10,Yes,100,20,21-Oct-18,27-Jan-19,Sudeep,0,Colors Kannada,,0
Telugu,1,Aadarsh,Actor,Male,16-Jul-17,24-Sep-17,10,No,70,16,16-Jul-17,24-Sep-17,Jr. NTR,0,Star Maa,,0
Telugu,1,Archana,Actress,Female,16-Jul-17,24-Sep-17,10,No,70,16,16-Jul-17,24-Sep-17,Jr. NTR,0,Star Maa,,0
Telugu,1,Dhanraj,Comedian,Male,16-Jul-17,26-Aug-17,6,No,70,16,16-Jul-17,24-Sep-17,Jr. NTR,0,Star Maa,,0
Telugu,1,Hari Teja,Actress,Female,16-Jul-17,24-Sep-17,10,No,70,16,16-Jul-17,24-Sep-17,Jr. NTR,0,Star Maa,,0
Telugu,1,Jyothi,Actress,Female,16-Jul-17,23-Jul-17,1,No,70,16,16-Jul-17,24-Sep-17,Jr. NTR,0,Star Maa,,0
Telugu,1,Kalpana Raghavendar,Singer,Female,16-Jul-17,13-Aug-17,4,No,70,16,16-Jul-17,24-Sep-17,Jr. NTR,0,Star Maa,,0
Telugu,1,Kathi Karthika,TV Anchor,Female,16-Jul-17,27-Aug-17,6,No,70,16,16-Jul-17,24-Sep-17,Jr. NTR,0,Star Maa,,0
Telugu,1,Madhu Priya,Singer,Female,16-Jul-17,30-Jul-17,2,No,70,16,16-Jul-17,24-Sep-17,Jr. NTR,0,Star Maa,,0
Telugu,1,Mahesh Kathi,Film Critic,Male,16-Jul-17,12-Aug-17,4,No,70,16,16-Jul-17,24-Sep-17,Jr. NTR,0,Star Maa,,0
Telugu,1,Mumaith Khan,Actress,Female,16-Jul-17,3-Sep-17,7,No,70,16,16-Jul-17,24-Sep-17,Jr. NTR,0,Star Maa,,0
Telugu,1,Prince Cecil,Actor,Male,16-Jul-17,10-Sep-17,8,No,70,16,16-Jul-17,24-Sep-17,Jr. NTR,0,Star Maa,,0
Telugu,1,Sameer,Actor,Male,16-Jul-17,6-Aug-17,3,No,70,16,16-Jul-17,24-Sep-17,Jr. NTR,0,Star Maa,,0
Telugu,1,Sampoornesh Babu,Actor,Male,16-Jul-17,25-Jul-17,NA,No,70,16,16-Jul-17,24-Sep-17,Jr. NTR,0,Star Maa,,0
Telugu,1,Siva Balaji,Actor,Male,16-Jul-17,NA,NA,No,70,16,16-Jul-17,24-Sep-17,Jr. NTR,"50,00,000",Star Maa,,1
Telugu,1,Diksha Panth,Actress,Female,31-Jul-17,17-Sep-17,9,Yes,70,16,16-Jul-17,24-Sep-17,Jr. NTR,0,Star Maa,,0
Telugu,1,Navdeep,Actor,Male,14-Aug-17,24-Sep-17,10,Yes,70,16,16-Jul-17,24-Sep-17,Jr. NTR,0,Star Maa,,0
Telugu,2,Deepthi Sunaina,Singer,Female,10-Jun-18,,10,No,112,18,10-Jun-18,30-Sep-18,Nani,0,Star Maa,,0
Telugu,2,Kireeti Damaraju,Actor,Male,10-Jun-18,,3,No,112,18,10-Jun-18,30-Sep-18,Nani,0,Star Maa,,0
Telugu,2,Nutan Naidu,Commoner,Male,10-Jun-18,,11,No,112,18,10-Jun-18,30-Sep-18,Nani,0,Star Maa,,0
Telugu,2,Ganesh,Commoner,Male,10-Jun-18,,11,No,112,18,10-Jun-18,30-Sep-18,Nani,0,Star Maa,,0
Telugu,2,Kaushal Manda,Actor,Male,10-Jun-18,NA,NA,No,112,18,10-Jun-18,30-Sep-18,Nani,"50,00,000",Star Maa,,1
Telugu,2,Sanjana Anne,Commoner,Female,10-Jun-18,,1,No,112,18,10-Jun-18,30-Sep-18,Nani,0,Star Maa,,0
Telugu,2,Amit Tiwari,Actor,Male,10-Jun-18,,14,No,112,18,10-Jun-18,30-Sep-18,Nani,0,Star Maa,,0
Telugu,2,Bhanu Sree,Actress,Female,10-Jun-18,,5,No,112,18,10-Jun-18,30-Sep-18,Nani,0,Star Maa,,0
Telugu,2,Babu Gogineni,Humanist,Male,10-Jun-18,,9,No,112,18,10-Jun-18,30-Sep-18,Nani,0,Star Maa,,0
Telugu,2,Roll Rida,Singer,Male,10-Jun-18,,15,No,112,18,10-Jun-18,30-Sep-18,Nani,0,Star Maa,,0
Telugu,2,Geetha Madhuri,Singer,Female,10-Jun-18,30-Sep-18,16,No,112,18,10-Jun-18,30-Sep-18,Nani,0,Star Maa,,0
Telugu,2,Deepthi Nallamuthu,TV Anchor,Female,10-Jun-18,30-Sep-18,16,No,112,18,10-Jun-18,30-Sep-18,Nani,0,Star Maa,,0
Telugu,2,Syamala Pavala,Actress,Female,10-Jun-18,,13,No,112,18,10-Jun-18,30-Sep-18,Nani,0,Star Maa,,0
Telugu,2,Tejaswi Madivada,Actress,Female,10-Jun-18,,6,No,112,18,10-Jun-18,30-Sep-18,Nani,0,Star Maa,,0
Telugu,2,Samrat Reddy,Actor,Male,10-Jun-18,30-Sep-18,16,No,112,18,10-Jun-18,30-Sep-18,Nani,0,Star Maa,,0
Telugu,2,Tanish Alladi,Actor,Male,10-Jun-18,30-Sep-18,16,No,112,18,10-Jun-18,30-Sep-18,Nani,0,Star Maa,,0
Telugu,2,Nandini Rai,Actress,Female,17-Jun-18,,8,Yes,112,18,10-Jun-18,30-Sep-18,Nani,0,Star Maa,,0
Telugu,2,Pooja Ramachandran,Actress,Female,,,11,Yes,112,18,10-Jun-18,30-Sep-18,Nani,0,Star Maa,,0
Telugu,3,Ali Reza,Actor,Male,21-Jul-19,,,No,100,17,21-Jul-19,29-Oct-19,Nagarjuna,,Star Maa,,
Telugu,3,Ashu Reddy,Social Media Star,Female,21-Jul-19,25-Aug-19,5,No,100,17,21-Jul-19,29-Oct-19,Nagarjuna,0,Star Maa,,0
Telugu,3,Baba Bhaskar,Choreographer,Male,21-Jul-19,,,No,100,17,21-Jul-19,29-Oct-19,Nagarjuna,,Star Maa,,
Telugu,3,Hema,Actress,Female,21-Jul-19,28-Jul-19,1,No,100,17,21-Jul-19,29-Oct-19,Nagarjuna,0,Star Maa,,0
Telugu,3,Himaja,Actress,Female,21-Jul-19,22-Sep-19,9,No,100,17,21-Jul-19,29-Oct-19,Nagarjuna,0,Star Maa,,0
Telugu,3,Jaffar Babu,TV Anchor,Male,21-Jul-19,04-Aug-19,2,No,100,17,21-Jul-19,29-Oct-19,Nagarjuna,0,Star Maa,,0
Telugu,3,Mahesh Vitta,Actor,Male,21-Jul-19,,,No,100,17,21-Jul-19,29-Oct-19,Nagarjuna,,Star Maa,,
Telugu,3,Punarnavi Bhupalam,Actress,Female,21-Jul-19,06-Oct-19,11,No,100,17,21-Jul-19,29-Oct-19,Nagarjuna,0,Star Maa,,0
Telugu,3,Rahul Sipligunj,Singer,Male,21-Jul-19,,,No,100,17,21-Jul-19,29-Oct-19,Nagarjuna,,Star Maa,,
Telugu,3,Ravi Krishna,Actor,Male,21-Jul-19,29-Sep-19,10,No,100,17,21-Jul-19,29-Oct-19,Nagarjuna,0,Star Maa,,0
Telugu,3,Rohini,Actress,Female,21-Jul-19,18-Aug-19,4,No,100,17,21-Jul-19,29-Oct-19,Nagarjuna,0,Star Maa,,0
Telugu,3,Siva Jyothi,TV Anchor,Female,21-Jul-19,,,No,100,17,21-Jul-19,29-Oct-19,Nagarjuna,,Star Maa,,
Telugu,3,Sreemukhi,TV Anchor,Female,21-Jul-19,,,No,100,17,21-Jul-19,29-Oct-19,Nagarjuna,,Star Maa,,
Telugu,3,Varun Sandesh,Actor,Male,21-Jul-19,,,No,100,17,21-Jul-19,29-Oct-19,Nagarjuna,,Star Maa,,
Telugu,3,Vithika Sheru,Actress,Female,21-Jul-19,,,No,100,17,21-Jul-19,29-Oct-19,Nagarjuna,,Star Maa,,
Telugu,3,Tamanna Simhadri,LGBT,Transgender,28-Jul-19,11-Aug-19,3,Yes,100,17,21-Jul-19,29-Oct-19,Nagarjuna,0,Star Maa,,0
Telugu,3,Shilpa Chakravarthy,TV Anchor,Female,02-Sep-19,15-Sep-19,8,Yes,100,17,21-Jul-19,29-Oct-19,Nagarjuna,0,Star Maa,,0
Tamil,1,Aarav,Model,,25-Jun-17,NA,NA,No,97,19,25-Jun-17,30-Sep-17,Kamal Haasan,"50,00,000",Start Vijay,,1
Tamil,1,Anuya Bhagvath,Actress,Female,25-Jun-17,,1,No,97,19,25-Jun-17,30-Sep-17,Kamal Haasan,0 ,Start Vijay,,0
Tamil,1,Bharani,Actor,Male,25-Jun-17,,2,No,97,19,25-Jun-17,30-Sep-17,Kamal Haasan,0 ,Start Vijay,,0
Tamil,1,Ganesh Venkatraman,Actor,Male,25-Jun-17,30-Sep-17,14,No,97,19,25-Jun-17,30-Sep-17,Kamal Haasan,0 ,Start Vijay,,0
Tamil,1,Ganja Karuppu,Actor,Male,25-Jun-17,,2,No,97,19,25-Jun-17,30-Sep-17,Kamal Haasan,0 ,Start Vijay,,0
Tamil,1,Gayathri Raguram,Actress,Female,25-Jun-17,,8,No,97,19,25-Jun-17,30-Sep-17,Kamal Haasan,0 ,Start Vijay,,0
Tamil,1,Harathi Ganesh,Actress,Female,25-Jun-17,,3,No,97,19,25-Jun-17,30-Sep-17,Kamal Haasan,0 ,Start Vijay,,0
Tamil,1,Maria Juliana,Nurse,Female,25-Jun-17,,6,No,97,19,25-Jun-17,30-Sep-17,Kamal Haasan,0 ,Start Vijay,,0
Tamil,1,Namitha,Actress,Female,25-Jun-17,,4,No,97,19,25-Jun-17,30-Sep-17,Kamal Haasan,0 ,Start Vijay,,0
Tamil,1,Oviya,Actress,Female,25-Jun-17,,NA,No,97,19,25-Jun-17,30-Sep-17,Kamal Haasan,0 ,Start Vijay,,0
Tamil,1,Raiza Wilson,Model,,25-Jun-17,,9,No,97,19,25-Jun-17,30-Sep-17,Kamal Haasan,0 ,Start Vijay,,0
Tamil,1,Shakthi,Actor,Male,25-Jun-17,,7,No,97,19,25-Jun-17,30-Sep-17,Kamal Haasan,0 ,Start Vijay,,0
Tamil,1,Snehan,Lyricist,,25-Jun-17,30-Sep-17,14,No,97,19,25-Jun-17,30-Sep-17,Kamal Haasan,0 ,Start Vijay,,0
Tamil,1,Sri,Actor,Male,25-Jun-17,,NA,No,97,19,25-Jun-17,30-Sep-17,Kamal Haasan,0 ,Start Vijay,,0
Tamil,1,Vaiyapuri,Actor,Male,25-Jun-17,,12,No,97,19,25-Jun-17,30-Sep-17,Kamal Haasan,0 ,Start Vijay,,0
Tamil,1,Bindu Madhavi,Actress,Female,,28-Sep-17,14,Yes,97,19,25-Jun-17,30-Sep-17,Kamal Haasan,0 ,Start Vijay,,0
Tamil,1,Suja Varunee,Actress,Female,,,13,Yes,97,19,25-Jun-17,30-Sep-17,Kamal Haasan,0 ,Start Vijay,,0
Tamil,1,Harish Kalyan,Actor,Male,,30-Sep-17,14,Yes,97,19,25-Jun-17,30-Sep-17,Kamal Haasan,0 ,Start Vijay,,0
Tamil,1,Kaajal Pasupathi,Actress,Female,,,10,Yes,97,19,25-Jun-17,30-Sep-17,Kamal Haasan,0 ,Start Vijay,,0
Tamil,2,Aishwarya Dutta,Actress,Female,17-Jun-18,30-Sep-18,15,No,105,17,17-Jun-18,30-Sep-18,Kamal Haasan,0 ,Start Vijay,,0
Tamil,2,Ananth Vaidyanathan,Voice Trainer,,17-Jun-18,,3,No,105,17,17-Jun-18,30-Sep-18,Kamal Haasan,0 ,Start Vijay,,0
Tamil,2,Daniel Annie Pope,Actor,Male,17-Jun-18,,11,No,105,17,17-Jun-18,30-Sep-18,Kamal Haasan,0 ,Start Vijay,,0
Tamil,2,Janani Iyer,Actress,Female,17-Jun-18,30-Sep-18,15,No,105,17,17-Jun-18,30-Sep-18,Kamal Haasan,0 ,Start Vijay,,0
Tamil,2,Mahat Raghavendra,Actor,Male,17-Jun-18,,10,No,105,17,17-Jun-18,30-Sep-18,Kamal Haasan,0 ,Start Vijay,,0
Tamil,2,Mamathi Chari,Soap Actress,Female,17-Jun-18,,2,No,105,17,17-Jun-18,30-Sep-18,Kamal Haasan,0 ,Start Vijay,,0
Tamil,2,Mumtaz,Actress,Female,17-Jun-18,,13,No,105,17,17-Jun-18,30-Sep-18,Kamal Haasan,0 ,Start Vijay,,0
Tamil,2,Nithya Balaji,Controversial Fame,,17-Jun-18,,4,No,105,17,17-Jun-18,30-Sep-18,Kamal Haasan,0 ,Start Vijay,,0
Tamil,2,Ponnambalam,Actor,Male,17-Jun-18,,8,No,105,17,17-Jun-18,30-Sep-18,Kamal Haasan,0 ,Start Vijay,,0
Tamil,2,Ramya NSK,Singer,,17-Jun-18,,5,No,105,17,17-Jun-18,30-Sep-18,Kamal Haasan,0 ,Start Vijay,,0
Tamil,2,Riythvika,Actress,Female,17-Jun-18,,NA,No,105,17,17-Jun-18,30-Sep-18,Kamal Haasan,"50,00,000",Start Vijay,,1
Tamil,2,Sendrayan,Actor,Male,17-Jun-18,,12,No,105,17,17-Jun-18,30-Sep-18,Kamal Haasan,0 ,Start Vijay,,0
Tamil,2,Shariq Hassan,Actor,Male,17-Jun-18,,7,No,105,17,17-Jun-18,30-Sep-18,Kamal Haasan,0 ,Start Vijay,,0
Tamil,2,Thaadi Balaji,Actor,Male,17-Jun-18,,14,No,105,17,17-Jun-18,30-Sep-18,Kamal Haasan,0 ,Start Vijay,,0
Tamil,2,Vaishnavi Prasad,RJ,,17-Jun-18,,9,No,105,17,17-Jun-18,30-Sep-18,Kamal Haasan,0 ,Start Vijay,,0
Tamil,2,Yashika Aannand,Model,,17-Jun-18,,14,No,105,17,17-Jun-18,30-Sep-18,Kamal Haasan,0 ,Start Vijay,,0
Tamil,2,Vijayalakshmi,Actress,Female,,30-Sep-18,15,Yes,105,17,17-Jun-18,30-Sep-18,Kamal Haasan,0 ,Start Vijay,,0
Tamil,3,Abhirami Venkatachalam,Model,,23-Jun-19,,8,No,105,17,23-Jun-19,06-Oct-19,Kamal Haasan,0 ,Start Vijay,,0
Tamil,3,Cheran,Film director,,23-Jun-19,,,No,105,17,23-Jun-19,06-Oct-19,Kamal Haasan,,Start Vijay,,
Tamil,3,Fathima Babu,Newsreader,,23-Jun-19,,2,No,105,17,23-Jun-19,06-Oct-19,Kamal Haasan,0 ,Start Vijay,,0
Tamil,3,Jangiri Madhumitha,Actress,Female,23-Jun-19,,8,No,105,17,23-Jun-19,06-Oct-19,Kamal Haasan,0 ,Start Vijay,,0
Tamil,3,Kavin,Soap Actor,Male,23-Jun-19,,,No,105,17,23-Jun-19,06-Oct-19,Kamal Haasan,,Start Vijay,,
Tamil,3,Losliya Mariyanesan,Newsreader,,23-Jun-19,,,No,105,17,23-Jun-19,06-Oct-19,Kamal Haasan,,Start Vijay,,
Tamil,3,Mohan Vaidya,Singer,,23-Jun-19,,4,No,105,17,23-Jun-19,06-Oct-19,Kamal Haasan,0 ,Start Vijay,,0
Tamil,3,Mugen Rao,Singer,,23-Jun-19,,,No,105,17,23-Jun-19,06-Oct-19,Kamal Haasan,,Start Vijay,,
Tamil,3,Reshma Pasupuleti,Actress,Female,23-Jun-19,,6,No,105,17,23-Jun-19,06-Oct-19,Kamal Haasan,0 ,Start Vijay,,0
Tamil,3,Sakshi Agarwal,Actress,Female,23-Jun-19,,7,No,105,17,23-Jun-19,06-Oct-19,Kamal Haasan,0 ,Start Vijay,,0
Tamil,3,Sandy,Choreographer,,23-Jun-19,,,No,105,17,23-Jun-19,06-Oct-19,Kamal Haasan,,Start Vijay,,
Tamil,3,Saravanan,Actor,Male,23-Jun-19,,7,No,105,17,23-Jun-19,06-Oct-19,Kamal Haasan,0 ,Start Vijay,,0
Tamil,3,Sherin,Actress,Female,23-Jun-19,,,No,105,17,23-Jun-19,06-Oct-19,Kamal Haasan,,Start Vijay,,
Tamil,3,Tharshan,Model,,23-Jun-19,,,No,105,17,23-Jun-19,06-Oct-19,Kamal Haasan,,Start Vijay,,
Tamil,3,Vanitha Vijayakumar,Actress,Female,23-Jun-19,,3,No,105,17,23-Jun-19,06-Oct-19,Kamal Haasan,0 ,Start Vijay,,0
Tamil,3,Meera Mitun,Model,,,,5,Yes,105,17,23-Jun-19,06-Oct-19,Kamal Haasan,0 ,Start Vijay,,0
Tamil,3,Kasthuri Shankar,Actress,Female,,,9,Yes,105,17,23-Jun-19,06-Oct-19,Kamal Haasan,0 ,Start Vijay,,0
Marathi,1,Aarti Solanki,Comedian,,15-Apr-18,,1,No,98,18,15-Apr-18,22-Jul-18,Mahesh Manjrekar,0 ,Colors Marathi,,0
Marathi,1,Aastad Kale,Actor,Male,15-Apr-18,,14,No,98,18,15-Apr-18,22-Jul-18,Mahesh Manjrekar,0 ,Colors Marathi,,0
Marathi,1,Anil Thatte,Journalist,,15-Apr-18,,4,No,98,18,15-Apr-18,22-Jul-18,Mahesh Manjrekar,0 ,Colors Marathi,,0
Marathi,1,Bhushan Kadu ,Actor,Male,15-Apr-18,,9,No,98,18,15-Apr-18,22-Jul-18,Mahesh Manjrekar,0 ,Colors Marathi,,0
Marathi,1,Jui Gadkari,Actress,Female,15-Apr-18,,7,No,98,18,15-Apr-18,22-Jul-18,Mahesh Manjrekar,0 ,Colors Marathi,,0
Marathi,1,Megha Dhade,Actress,Female,15-Apr-18,NA,NA,No,98,18,15-Apr-18,22-Jul-18,Mahesh Manjrekar,"50,00,000 ",Colors Marathi,,1
Marathi,1,Pushkar Jog,Actor,Male,15-Apr-18,,14,No,98,18,15-Apr-18,22-Jul-18,Mahesh Manjrekar,0 ,Colors Marathi,,0
Marathi,1,Rajesh Shringarpure,Actor,Male,15-Apr-18,,5,No,98,18,15-Apr-18,22-Jul-18,Mahesh Manjrekar,0 ,Colors Marathi,,0
Marathi,1,Resham Tipnis ,Actress,Female,15-Apr-18,,13,No,98,18,15-Apr-18,22-Jul-18,Mahesh Manjrekar,0 ,Colors Marathi,,0
Marathi,1,Rutuja Dharmadhikari,Actress,Female,15-Apr-18,,6,No,98,18,15-Apr-18,22-Jul-18,Mahesh Manjrekar,0 ,Colors Marathi,,0
Marathi,1,Sai Lokur ,Actress,Female,15-Apr-18,,14,No,98,18,15-Apr-18,22-Jul-18,Mahesh Manjrekar,0 ,Colors Marathi,,0
Marathi,1,Smita Gondkar,Actress,Female,15-Apr-18,,14,No,98,18,15-Apr-18,22-Jul-18,Mahesh Manjrekar,0 ,Colors Marathi,,0
Marathi,1,Sushant Shelar,Actor,Male,15-Apr-18,,8,No,98,18,15-Apr-18,22-Jul-18,Mahesh Manjrekar,0 ,Colors Marathi,,0
Marathi,1,Usha Nadkarni ,Actress,Female,15-Apr-18,,11,No,98,18,15-Apr-18,22-Jul-18,Mahesh Manjrekar,0 ,Colors Marathi,,0
Marathi,1,Vineet Bhonde,Actor,Male,15-Apr-18,,2,No,98,18,15-Apr-18,22-Jul-18,Mahesh Manjrekar,0 ,Colors Marathi,,0
Marathi,1,Sharmishtha Raut,Actress,Female,,,14,Yes,98,18,15-Apr-18,22-Jul-18,Mahesh Manjrekar,0 ,Colors Marathi,,0
Marathi,1,Tyagraj Khadilkar ,Actor,Male,,,8,Yes,98,18,15-Apr-18,22-Jul-18,Mahesh Manjrekar,0 ,Colors Marathi,,0
Marathi,1,Nandkishor Chaughule,Actor,Male,,,12,Yes,98,18,15-Apr-18,22-Jul-18,Mahesh Manjrekar,0 ,Colors Marathi,,0
Marathi,2,Abhijit Awade Bichukale,Politician,,26-May-19,,4,No,98,17,26-May-19,01-Sep-19,Mahesh Manjrekar,0 ,Colors Marathi,,0
Marathi,2,Abhijit Kelkar,Actor,Male,26-May-19,,11,No,98,17,26-May-19,01-Sep-19,Mahesh Manjrekar,0 ,Colors Marathi,,0
Marathi,2,Digamber Naik,Actor,Male,26-May-19,,3,No,98,17,26-May-19,01-Sep-19,Mahesh Manjrekar,0 ,Colors Marathi,,0
Marathi,2,Kishori Shahane Vij,Actress,Female,26-May-19,,14,No,98,17,26-May-19,01-Sep-19,Mahesh Manjrekar,0 ,Colors Marathi,,0
Marathi,2,Maadhav C Deochake ,Actor,Male,26-May-19,,9,No,98,17,26-May-19,01-Sep-19,Mahesh Manjrekar,0 ,Colors Marathi,,0
Marathi,2,Maitthily Jawkar,Actress,Female,26-May-19,,2,No,98,17,26-May-19,01-Sep-19,Mahesh Manjrekar,0 ,Colors Marathi,,0
Marathi,2,Neha Shitole,Actress,Female,26-May-19,,14,No,98,17,26-May-19,01-Sep-19,Mahesh Manjrekar,0 ,Colors Marathi,,0
Marathi,2,Parag Kanhere,Chef,,26-May-19,,5,No,98,17,26-May-19,01-Sep-19,Mahesh Manjrekar,0 ,Colors Marathi,,0
Marathi,2,Rupali Bhosale,Soap Actress,Female,26-May-19,,10,No,98,17,26-May-19,01-Sep-19,Mahesh Manjrekar,0 ,Colors Marathi,,0
Marathi,2,Shiv Thakre,Reality Show Alumni,,26-May-19,NA,NA,No,98,17,26-May-19,01-Sep-19,Mahesh Manjrekar,"50,00,000 ",Colors Marathi,,1
Marathi,2,Shivani Surve,Actress,Female,26-May-19,,3,No,98,17,26-May-19,01-Sep-19,Mahesh Manjrekar,0 ,Colors Marathi,,0
Marathi,2,Surekha Punekar ,Choreographer,,26-May-19,,6,No,98,17,26-May-19,01-Sep-19,Mahesh Manjrekar,0 ,Colors Marathi,,0
Marathi,2,Vaishali Mhade,Singer,,26-May-19,,8,No,98,17,26-May-19,01-Sep-19,Mahesh Manjrekar,0 ,Colors Marathi,,0
Marathi,2,Veena Jagtap,Actress,Female,26-May-19,,14,No,98,17,26-May-19,01-Sep-19,Mahesh Manjrekar,0 ,Colors Marathi,,0
Marathi,2,Vidyadhar (Bappa) Joshi,Actor,Male,26-May-19,,4,No,98,17,26-May-19,01-Sep-19,Mahesh Manjrekar,0 ,Colors Marathi,,0
Marathi,2,Heena Panchal ,Choreographer,,,,12,Yes,98,17,26-May-19,01-Sep-19,Mahesh Manjrekar,0 ,Colors Marathi,,0
Marathi,2,Aroh Velankar,Actor,Male,,,14,Yes,98,17,26-May-19,01-Sep-19,Mahesh Manjrekar,0 ,Colors Marathi,,0
Bengali,1,Abhijeet Burman,Actor,Male,17-Jun-13,,12,No,90,15,17-Jun-13,14-Sep-13,Mithun Chakraborthy,0 ,ETV Bangla,,0
Bengali,1,Aneek Dhar,Singer,,17-Jun-13,NA,NA,No,90,15,17-Jun-13,14-Sep-13,Mithun Chakraborthy,"30,00,000",ETV Bangla,,1
Bengali,1,Iris Maity,Actress,Female,17-Jun-13,,7,No,90,15,17-Jun-13,14-Sep-13,Mithun Chakraborthy,0 ,ETV Bangla,,0
Bengali,1,Kais Kalim,Gym Trainer,,17-Jun-13,,1,No,90,15,17-Jun-13,14-Sep-13,Mithun Chakraborthy,0 ,ETV Bangla,,0
Bengali,1,Koneenica Banerjee,Actress,Female,17-Jun-13,14-Sep-13,13,No,90,15,17-Jun-13,14-Sep-13,Mithun Chakraborthy,0 ,ETV Bangla,,0
Bengali,1,Mahesh Jalan,Astrologer,,17-Jun-13,,5,No,90,15,17-Jun-13,14-Sep-13,Mithun Chakraborthy,0 ,ETV Bangla,,0
Bengali,1,Mallika Majumdar,Actress,Female,17-Jun-13,,11,No,90,15,17-Jun-13,14-Sep-13,Mithun Chakraborthy,0 ,ETV Bangla,,0
Bengali,1,Manabi Banerjee,Author,,17-Jun-13,,3,No,90,15,17-Jun-13,14-Sep-13,Mithun Chakraborthy,0 ,ETV Bangla,,0
Bengali,1,Nandini Pal,Presenter,,17-Jun-13,,9,No,90,15,17-Jun-13,14-Sep-13,Mithun Chakraborthy,0 ,ETV Bangla,,0
Bengali,1,Rudranil Ghosh,Actor,Male,17-Jun-13,14-Sep-13,13,No,90,15,17-Jun-13,14-Sep-13,Mithun Chakraborthy,0 ,ETV Bangla,,0
Bengali,1,Sampurna Lahiri,Model,,17-Jun-13,,6,No,90,15,17-Jun-13,14-Sep-13,Mithun Chakraborthy,0 ,ETV Bangla,,0
Bengali,1,Sudipta Chakraborty,Actress,Female,17-Jun-13,14-Sep-13,13,No,90,15,17-Jun-13,14-Sep-13,Mithun Chakraborthy,0 ,ETV Bangla,,0
Bengali,1,Vikram Chatterjee,Soap Actor,Male,17-Jun-13,,8,No,90,15,17-Jun-13,14-Sep-13,Mithun Chakraborthy,0 ,ETV Bangla,,0
Bengali,1,Kartik Das Baul,Singer,,,,10,Yes,90,15,17-Jun-13,14-Sep-13,Mithun Chakraborthy,0 ,ETV Bangla,,0
Bengali,1,Carlyta Mouhini,International star,,,,12,Yes,90,15,17-Jun-13,14-Sep-13,Mithun Chakraborthy,0 ,ETV Bangla,,0
Bengali,2,Aditi Chakraborty,Choreographer,,04-Apr-16,,,No,97,15,04-Apr-16,15-Jul-16,Jeet,0,Colors Bangla ,,0
Bengali,2,Apurbo Roy,Comedian,,04-Apr-16,,,No,97,15,04-Apr-16,15-Jul-16,Jeet,0,Colors Bangla ,,0
Bengali,2,Ena Saha,,,04-Apr-16,,,No,97,15,04-Apr-16,15-Jul-16,Jeet,0,Colors Bangla ,,0
Bengali,2,Joyjit Banerjee,Soap Actor,Male,04-Apr-16,,,No,97,15,04-Apr-16,15-Jul-16,Jeet,"30,00,000",Colors Bangla ,,1
Bengali,2,Kamalika Banerjee,Soap Actress,Female,04-Apr-16,,,No,97,15,04-Apr-16,15-Jul-16,Jeet,0,Colors Bangla ,,0
Bengali,2,Mainak Banerjee,Actor,Male,04-Apr-16,,,No,97,15,04-Apr-16,15-Jul-16,Jeet,0,Colors Bangla ,,0
Bengali,2,Manabi Bandyopadhyay,,,04-Apr-16,,,No,97,15,04-Apr-16,15-Jul-16,Jeet,0,Colors Bangla ,,0
Bengali,2,Mikhail Bora,,,04-Apr-16,,,No,97,15,04-Apr-16,15-Jul-16,Jeet,0,Colors Bangla ,,0
Bengali,2,Prity Biswas,Soap Actress,Female,04-Apr-16,,,No,97,15,04-Apr-16,15-Jul-16,Jeet,0,Colors Bangla ,,0
Bengali,2,Priya Paul,Soap Actress,Female,04-Apr-16,,,No,97,15,04-Apr-16,15-Jul-16,Jeet,0,Colors Bangla ,,0
Bengali,2,Rii Sen,Actress,Female,04-Apr-16,,,No,97,15,04-Apr-16,15-Jul-16,Jeet,0,Colors Bangla ,,0
Bengali,2,Sandy Rong,,,04-Apr-16,,,No,97,15,04-Apr-16,15-Jul-16,Jeet,0,Colors Bangla ,,0
Bengali,2,Shilajit Majumder,Singer,,04-Apr-16,,,No,97,15,04-Apr-16,15-Jul-16,Jeet,0,Colors Bangla ,,0
Bengali,2,Aviral Sachdev,Reality Show Alumni,,04-Apr-16,,,,97,15,04-Apr-16,15-Jul-16,Jeet,0,Colors Bangla ,,0
Bengali,2,Srabanti Banerjee,Actress,Female,04-Apr-16,,,,97,15,04-Apr-16,15-Jul-16,Jeet,0,Colors Bangla ,,0
Malayam,1,Aditi Rai,Actress,Female,24-Jun-18,,14,No,98,18,24-Jun-18,30-Sep-18,Mohanlal,0,Asianet,,0
Malayam,1,Anoop Chandran,Actor,Male,24-Jun-18,,10,No,98,18,24-Jun-18,30-Sep-18,Mohanlal,0,Asianet,,0
Malayam,1,Archana Suseelan,Actress,Female,24-Jun-18,,13,No,98,18,24-Jun-18,30-Sep-18,Mohanlal,0,Asianet,,0
Malayam,1,Aristo Suresh,Actor,Male,24-Jun-18,,14,No,98,18,24-Jun-18,30-Sep-18,Mohanlal,0,Asianet,,0
Malayam,1,Basheer Bashi,Actor,Male,24-Jun-18,,12,No,98,18,24-Jun-18,30-Sep-18,Mohanlal,0,Asianet,,0
Malayam,1,David John,Soap Actor,Male,24-Jun-18,,1,No,98,18,24-Jun-18,30-Sep-18,Mohanlal,0,Asianet,,0
Malayam,1,Deepan Murali,Soap Actor,Male,24-Jun-18,,4,No,98,18,24-Jun-18,30-Sep-18,Mohanlal,0,Asianet,,0
Malayam,1,Diya Sana,Activist,Female,24-Jun-18,,6,No,98,18,24-Jun-18,30-Sep-18,Mohanlal,0,Asianet,,0
Malayam,1,Hima Shankar,Actress,Female,24-Jun-18,,11,No,98,18,24-Jun-18,30-Sep-18,Mohanlal,0,Asianet,,0
Malayam,1,Manoj K. Verma,Businessman,Male,24-Jun-18,,NA,No,98,18,24-Jun-18,30-Sep-18,Mohanlal,0,Asianet,,0
Malayam,1,Pearle Maaney,Actress,Female,24-Jun-18,,14,No,98,18,24-Jun-18,30-Sep-18,Mohanlal,0,Asianet,,0
Malayam,1,Ranjini Haridas,TV Anchor,Female,24-Jun-18,,9,No,98,18,24-Jun-18,30-Sep-18,Mohanlal,0,Asianet,,0
Malayam,1,Sabumon Abdusamad,TV Anchor,Male,24-Jun-18,NA,NA,No,98,18,24-Jun-18,30-Sep-18,Mohanlal,"1,00,00,000",Asianet,,1
Malayam,1,Shweta Menon,Actress,Female,24-Jun-18,,5,No,98,18,24-Jun-18,30-Sep-18,Mohanlal,0,Asianet,,0
Malayam,1,Sreelakshmi Sreekumar,Actress,Female,24-Jun-18,,4,No,98,18,24-Jun-18,30-Sep-18,Mohanlal,0,Asianet,,0
Malayam,1,Srinish Aravind,Soap Actor,Male,24-Jun-18,,14,No,98,18,24-Jun-18,30-Sep-18,Mohanlal,0,Asianet,,0
Malayam,1,Anjali Ameer,Actress,Female,,,NA,Yes,98,18,24-Jun-18,30-Sep-18,Mohanlal,0,Asianet,,0
Malayam,1,Shiyas Kareem,Actor,Male,,,14,Yes,98,18,24-Jun-18,30-Sep-18,Mohanlal,0,Asianet,,0